Variable_Metric,Value,Unit,Timestamp_Epoch,Timestamp_ISO_CEST
bar_current,984.6,hPa,1787230693,2026-08-20 14:58:13 CEST
bar_day_max,985.1,hPa,1787224695,2026-08-20 13:18:15 CEST
bar_day_min,980.9,hPa,1787189893,2026-08-20 03:38:13 CEST
bar_month_max,1001.5,hPa,1786579693,2026-08-13 02:08:13 CEST
bar_month_min,980.9,hPa,1787189893,2026-08-20 03:38:13 CEST
bar_year_max,1004.8,hPa,1779700816,2026-05-25 11:20:16 CEST
bar_year_min,972,hPa,1778826013,2026-05-15 08:20:13 CEST
chill_current,26.6,°C,1787230693,2026-08-20 14:58:13 CEST
chill_day_max,28,°C,1787235496,2026-08-20 16:18:16 CEST
chill_day_min,13.4,°C,1787190496,2026-08-20 03:48:16 CEST
chill_month_max,36.9,°C,1785861493,2026-08-04 18:38:13 CEST
chill_month_min,5.4,°C,1786599495,2026-08-13 07:38:15 CEST
chill_year_max,37.8,°C,1782668422,2026-06-28 19:40:22 CEST
chill_year_min,-5.2,°C,1774593675,2026-03-27 07:41:15 CET
dew_current,15.6,°C,1787230693,2026-08-20 14:58:13 CEST
dew_day_max,18.7,°C,1787215696,2026-08-20 10:48:16 CEST
dew_day_min,12.3,°C,1787190496,2026-08-20 03:48:16 CEST
dew_month_max,21.8,°C,1786025295,2026-08-06 16:08:15 CEST
dew_month_min,3.5,°C,1786599495,2026-08-13 07:38:15 CEST
dew_year_max,21.8,°C,1786025295,2026-08-06 16:08:15 CEST
dew_year_min,-10.8,°C,1775753414,2026-04-09 18:50:14 CEST
heat_current,27.1,°C,1787230693,2026-08-20 14:58:13 CEST
heat_day_max,28.3,°C,1787235496,2026-08-20 16:18:16 CEST
heat_day_min,26,°C,1787224093,2026-08-20 13:08:13 CEST
heat_month_max,36.4,°C,1785856094,2026-08-04 17:08:14 CEST
heat_month_min,26,°C,1785550093,2026-08-01 04:08:13 CEST
heat_year_max,38.4,°C,1782668422,2026-06-28 19:40:22 CEST
heat_year_min,26,°C,1779647412,2026-05-24 20:30:12 CEST
hum_current,51,%,1787230693,2026-08-20 14:58:13 CEST
hum_day_max,96,%,1787207898,2026-08-20 08:38:18 CEST
hum_day_min,48,%,1787236096,2026-08-20 16:28:16 CEST
hum_month_max,96,%,1787097498,2026-08-19 01:58:18 CEST
hum_month_min,23,%,1786811893,2026-08-15 18:38:13 CEST
hum_year_max,99,%,1775355626,2026-04-05 04:20:26 CEST
hum_year_min,21,%,1775753414,2026-04-09 18:50:14 CEST
last_update,1787230693,epoch,1787230693,2026-08-20 14:58:13 CEST
rain_current,0.8,mm,1787230693,2026-08-20 14:58:13 CEST
rain_day_max,0.8,mm,1787195293,2026-08-20 05:08:13 CEST
rain_day_total,0.8,mm,1787184000,2026-08-20 02:00:00 CEST
rain_month_max,8,mm,1785953298,2026-08-05 20:08:18 CEST
rain_month_total,28,mm,1785542400,2026-08-01 02:00:00 CEST
rain_year_max,26.4,mm,1782859845,2026-07-01 00:50:45 CEST
rain_year_total,288.4,mm,1767225600,2026-01-01 01:00:00 CET
rainrate_current,0,mm/h,1787230693,2026-08-20 14:58:13 CEST
rainrate_day_max,0.4,mm/h,1787194693,2026-08-20 04:58:13 CEST
rainrate_day_min,0,mm/h,1787184495,2026-08-20 02:08:15 CEST
rainrate_month_max,7.2,mm/h,1785952694,2026-08-05 19:58:14 CEST
rainrate_month_min,0,mm/h,1785542896,2026-08-01 02:08:16 CEST
rainrate_year_max,21.6,mm/h,1784302694,2026-07-17 17:38:14 CEST
rainrate_year_min,0,mm/h,1774364539,2026-03-24 16:02:19 CET
temp_current,26.6,°C,1787230693,2026-08-20 14:58:13 CEST
temp_day_max,28,°C,1787235496,2026-08-20 16:18:16 CEST
temp_day_min,13.4,°C,1787190496,2026-08-20 03:48:16 CEST
temp_month_max,36.9,°C,1785861493,2026-08-04 18:38:13 CEST
temp_month_min,5.4,°C,1786599495,2026-08-13 07:38:15 CEST
temp_year_max,37.8,°C,1782668422,2026-06-28 19:40:22 CEST
temp_year_min,-5.1,°C,1777529413,2026-04-30 08:10:13 CEST
wdir_current,252,°,1787230693,2026-08-20 14:58:13 CEST
wdir_day_max,354,°,1787191095,2026-08-20 03:58:15 CEST
wdir_day_min,6,°,1787195293,2026-08-20 05:08:13 CEST
wdir_month_max,359,°,1785598099,2026-08-01 17:28:19 CEST
wdir_month_min,0,°,1785634096,2026-08-02 03:28:16 CEST
wdir_year_max,359,°,1774487544,2026-03-26 02:12:24 CET
wdir_year_min,0,°,1774425142,2026-03-25 08:52:22 CET
wdiravg_current,252,°,1787230693,2026-08-20 14:58:13 CEST
wdiravg_day_max,354,°,1787191095,2026-08-20 03:58:15 CEST
wdiravg_day_min,6,°,1787195293,2026-08-20 05:08:13 CEST
wdiravg_month_max,359,°,1785598099,2026-08-01 17:28:19 CEST
wdiravg_month_min,0,°,1785634096,2026-08-02 03:28:16 CEST
wdiravg_year_max,359,°,1774487544,2026-03-26 02:12:24 CET
wdiravg_year_min,0,°,1774425142,2026-03-25 08:52:22 CET
wspd_current,1.1,m/s,1787230693,2026-08-20 14:58:13 CEST
wspd_day_max,4,m/s,1787232493,2026-08-20 15:28:13 CEST
wspd_day_min,0,m/s,1787184495,2026-08-20 02:08:15 CEST
wspd_month_max,6.7,m/s,1786391901,2026-08-10 21:58:21 CEST
wspd_month_min,0,m/s,1785552496,2026-08-01 04:48:16 CEST
wspd_year_max,8.4,m/s,1775472621,2026-04-06 12:50:21 CEST
wspd_year_min,0,m/s,1774368135,2026-03-24 17:02:15 CET
wspdavg_current,1.1,m/s,1787230693,2026-08-20 14:58:13 CEST
wspdavg_day_max,4,m/s,1787232493,2026-08-20 15:28:13 CEST
wspdavg_day_min,0,m/s,1787184495,2026-08-20 02:08:15 CEST
wspdavg_month_max,6.7,m/s,1786391901,2026-08-10 21:58:21 CEST
wspdavg_month_min,0,m/s,1785552496,2026-08-01 04:48:16 CEST
wspdavg_year_max,8.4,m/s,1775472621,2026-04-06 12:50:21 CEST
wspdavg_year_min,0,m/s,1774368135,2026-03-24 17:02:15 CET
wspdhi_current,1.1,m/s,1787230693,2026-08-20 14:58:13 CEST
wspdhi_day_max,4.2,m/s,1787232493,2026-08-20 15:28:13 CEST
wspdhi_day_min,0,m/s,1787184495,2026-08-20 02:08:15 CEST
wspdhi_month_max,7.6,m/s,1785547693,2026-08-01 03:28:13 CEST
wspdhi_month_min,0,m/s,1785552496,2026-08-01 04:48:16 CEST
wspdhi_year_max,10.1,m/s,1775472621,2026-04-06 12:50:21 CEST
wspdhi_year_min,0,m/s,1774368135,2026-03-24 17:02:15 CET
