Sector_Index,Cardinal_Direction,Degrees_Range,Sample_Count,Percentage_Share
0,N,348.8° - 11.2°,10,4.31%
1,NNE,11.2° - 33.8°,30,12.93%
2,NE,33.8° - 56.2°,1,0.43%
3,ENE,56.2° - 78.8°,1,0.43%
4,E,78.8° - 101.2°,3,1.29%
5,ESE,101.2° - 123.8°,3,1.29%
6,SE,123.8° - 146.2°,3,1.29%
7,SSE,146.2° - 168.8°,9,3.88%
8,S,168.8° - 191.2°,20,8.62%
9,SSW,191.2° - 213.8°,34,14.66%
10,SW,213.8° - 236.2°,44,18.97%
11,WSW,236.2° - 258.8°,32,13.79%
12,W,258.8° - 281.2°,17,7.33%
13,WNW,281.2° - 303.8°,11,4.74%
14,NW,303.8° - 326.2°,12,5.17%
15,NNW,326.2° - 348.8°,2,0.86%
